year,oni_fire_season_mean,abs_diff_from_val_mean,similarity_weight_unnormalized,weight
2014,0.0400,0.1100,0.865042,1.405213
2015,1.7800,1.6300,0.116682,0.189544
2016,0.0400,0.1100,0.865042,1.405213
2017,-0.2700,0.4200,0.574905,0.933902
2018,0.1000,0.0500,0.936226,1.520847
2019,0.3100,0.1600,0.809874,1.315596
2020,-0.7400,0.8900,0.309438,0.502665
2021,-0.4600,0.6100,0.447551,0.727022
